"Source:","D:\Users\jaime\Desktop\NANO-Rythm\NANO-Rythm.sch"
"Date:","27/10/2017 19:32:20"
"Tool:","Eeschema (2017-09-01 revision 8d1475135)-makepkg"
"Component Count:","33"
"Ref","Value","Footprint","Datasheet","Manufacturer","Vendor"
"C1","22p","Resistors_SMD:R_1206_HandSoldering","","",""
"C2","22p","Resistors_SMD:R_1206_HandSoldering","","",""
"C3","1u","Resistors_SMD:R_1206_HandSoldering","","",""
"C4","1u","Resistors_SMD:R_1206_HandSoldering","","",""
"C5","1u","Resistors_SMD:R_1206_HandSoldering","","",""
"C6","1u","Resistors_SMD:R_1206_HandSoldering","","",""
"C7","CP","Capacitors_SMD:CP_Elec_4x4.5","","",""
"C8","100n","Resistors_SMD:R_1206_HandSoldering","","",""
"D1","LED","Resistors_SMD:R_1206_HandSoldering","","",""
"D2","LED","Resistors_SMD:R_1206_HandSoldering","","",""
"D3","LED","Resistors_SMD:R_1206_HandSoldering","","",""
"D4","D","Diodes_SMD:D_SOD-123","","",""
"IC1","ATMEGA328P-A","Housings_QFP:LQFP-32_7x7mm_Pitch0.8mm","","",""
"J1","BARREL_JACK","Connectors:BARREL_JACK","","",""
"J2","Audio-Jack-3","SHIELD_ARDUINO:Jack-CUI","","",""
"JP1","Jumper_NC_Small","Resistors_SMD:R_1206_HandSoldering","","",""
"P1","CONN_01X08","Pin_Headers:Pin_Header_Straight_1x08_Pitch2.54mm","","",""
"R1","1k","Resistors_SMD:R_1206_HandSoldering","","",""
"R2","10k","Resistors_SMD:R_1206_HandSoldering","","",""
"R3","220","Resistors_SMD:R_1206_HandSoldering","","",""
"R4","220","Resistors_SMD:R_1206_HandSoldering","","",""
"R5","1k","Resistors_SMD:R_1206_HandSoldering","","",""
"RV1","POT","Potentiometers:Potentiometer_Alps_RK09K_Horizontal","","",""
"RV2","POT","Potentiometers:Potentiometer_Alps_RK09K_Horizontal","","",""
"SW1","SW_PUSH","Buttons_Switches_THT:SW_PUSH_6mm","","",""
"SW2","SW_PUSH","Buttons_Switches_THT:SW_PUSH_6mm","","",""
"SW3","SW_PUSH","SHIELD_ARDUINO:Switch","","",""
"SW4","SW_PUSH","Buttons_Switches_THT:SW_PUSH-12mm","","",""
"SW5","SW_PUSH","Buttons_Switches_THT:SW_PUSH-12mm","","",""
"SW6","SW_PUSH","Buttons_Switches_THT:SW_PUSH-12mm","","",""
"SW7","SW_PUSH","Buttons_Switches_THT:SW_PUSH-12mm","","",""
"U1","LM7805CT","TO_SOT_Packages_SMD:TO-252-2","","",""
"Y1","Crystal","Things:Resonator-2pin_w10.0mm_h5.0mm","","",""
