<?xml version="1.0" encoding="UTF-8"?>
<export version="D">
  <design>
    <source>D:\Users\jaime\Desktop\NANO-Rythm\NANO-Rythm.sch</source>
    <date>27/10/2017 19:32:20</date>
    <tool>Eeschema (2017-09-01 revision 8d1475135)-makepkg</tool>
    <sheet number="1" name="/" tstamps="/">
      <title_block>
        <title/>
        <company/>
        <rev/>
        <date/>
        <source>NANO-Rythm.sch</source>
        <comment number="1" value=""/>
        <comment number="2" value=""/>
        <comment number="3" value=""/>
        <comment number="4" value=""/>
      </title_block>
    </sheet>
  </design>
  <components>
    <comp ref="J1">
      <value>BARREL_JACK</value>
      <footprint>Connectors:BARREL_JACK</footprint>
      <libsource lib="NANO-Rythm-cache" part="BARREL_JACK"/>
      <sheetpath names="/" tstamps="/"/>
      <tstamp>59BBDB7B</tstamp>
    </comp>
    <comp ref="C3">
      <value>1u</value>
      <footprint>Resistors_SMD:R_1206_HandSoldering</footprint>
      <libsource lib="device" part="C"/>
      <sheetpath names="/" tstamps="/"/>
      <tstamp>59BBDB7C</tstamp>
    </comp>
    <comp ref="C4">
      <value>1u</value>
      <footprint>Resistors_SMD:R_1206_HandSoldering</footprint>
      <libsource lib="device" part="C"/>
      <sheetpath names="/" tstamps="/"/>
      <tstamp>59BBDB7E</tstamp>
    </comp>
    <comp ref="Y1">
      <value>Crystal</value>
      <footprint>Things:Resonator-2pin_w10.0mm_h5.0mm</footprint>
      <libsource lib="device" part="Crystal"/>
      <sheetpath names="/" tstamps="/"/>
      <tstamp>59BBDB80</tstamp>
    </comp>
    <comp ref="C2">
      <value>22p</value>
      <footprint>Resistors_SMD:R_1206_HandSoldering</footprint>
      <libsource lib="device" part="C"/>
      <sheetpath names="/" tstamps="/"/>
      <tstamp>59BBDB81</tstamp>
    </comp>
    <comp ref="C1">
      <value>22p</value>
      <footprint>Resistors_SMD:R_1206_HandSoldering</footprint>
      <libsource lib="device" part="C"/>
      <sheetpath names="/" tstamps="/"/>
      <tstamp>59BBDB82</tstamp>
    </comp>
    <comp ref="R1">
      <value>1k</value>
      <footprint>Resistors_SMD:R_1206_HandSoldering</footprint>
      <libsource lib="device" part="R"/>
      <sheetpath names="/" tstamps="/"/>
      <tstamp>59BBDB8D</tstamp>
    </comp>
    <comp ref="D1">
      <value>LED</value>
      <footprint>Resistors_SMD:R_1206_HandSoldering</footprint>
      <libsource lib="NANO-Rythm-cache" part="LED-RESCUE-GranularSynth"/>
      <sheetpath names="/" tstamps="/"/>
      <tstamp>59BBDB8E</tstamp>
    </comp>
    <comp ref="SW3">
      <value>SW_PUSH</value>
      <footprint>SHIELD_ARDUINO:Switch</footprint>
      <libsource lib="NANO-Rythm-cache" part="SW_PUSH"/>
      <sheetpath names="/" tstamps="/"/>
      <tstamp>59BBDB9D</tstamp>
    </comp>
    <comp ref="U1">
      <value>LM7805CT</value>
      <footprint>TO_SOT_Packages_SMD:TO-252-2</footprint>
      <libsource lib="NANO-Rythm-cache" part="LM7805CT"/>
      <sheetpath names="/" tstamps="/"/>
      <tstamp>59BBDB9F</tstamp>
    </comp>
    <comp ref="P1">
      <value>CONN_01X08</value>
      <footprint>Pin_Headers:Pin_Header_Straight_1x08_Pitch2.54mm</footprint>
      <libsource lib="NANO-Rythm-cache" part="CONN_01X08"/>
      <sheetpath names="/" tstamps="/"/>
      <tstamp>59BBDBA3</tstamp>
    </comp>
    <comp ref="JP1">
      <value>Jumper_NC_Small</value>
      <footprint>Resistors_SMD:R_1206_HandSoldering</footprint>
      <libsource lib="device" part="Jumper_NC_Small"/>
      <sheetpath names="/" tstamps="/"/>
      <tstamp>59BBDBA4</tstamp>
    </comp>
    <comp ref="J2">
      <value>Audio-Jack-3</value>
      <footprint>SHIELD_ARDUINO:Jack-CUI</footprint>
      <libsource lib="conn" part="Audio-Jack-3"/>
      <sheetpath names="/" tstamps="/"/>
      <tstamp>59BBDBAA</tstamp>
    </comp>
    <comp ref="C5">
      <value>1u</value>
      <footprint>Resistors_SMD:R_1206_HandSoldering</footprint>
      <libsource lib="device" part="C"/>
      <sheetpath names="/" tstamps="/"/>
      <tstamp>59BBDBAC</tstamp>
    </comp>
    <comp ref="C6">
      <value>1u</value>
      <footprint>Resistors_SMD:R_1206_HandSoldering</footprint>
      <libsource lib="device" part="C"/>
      <sheetpath names="/" tstamps="/"/>
      <tstamp>59BBDBAD</tstamp>
    </comp>
    <comp ref="IC1">
      <value>ATMEGA328P-A</value>
      <footprint>Housings_QFP:LQFP-32_7x7mm_Pitch0.8mm</footprint>
      <libsource lib="NANO-Rythm-cache" part="ATMEGA328P-A"/>
      <sheetpath names="/" tstamps="/"/>
      <tstamp>59BBDBA2</tstamp>
    </comp>
    <comp ref="SW6">
      <value>SW_PUSH</value>
      <footprint>Buttons_Switches_THT:SW_PUSH-12mm</footprint>
      <libsource lib="NANO-Rythm-cache" part="SW_PUSH"/>
      <sheetpath names="/" tstamps="/"/>
      <tstamp>59BBED23</tstamp>
    </comp>
    <comp ref="SW4">
      <value>SW_PUSH</value>
      <footprint>Buttons_Switches_THT:SW_PUSH-12mm</footprint>
      <libsource lib="NANO-Rythm-cache" part="SW_PUSH"/>
      <sheetpath names="/" tstamps="/"/>
      <tstamp>59BBEE60</tstamp>
    </comp>
    <comp ref="SW5">
      <value>SW_PUSH</value>
      <footprint>Buttons_Switches_THT:SW_PUSH-12mm</footprint>
      <libsource lib="NANO-Rythm-cache" part="SW_PUSH"/>
      <sheetpath names="/" tstamps="/"/>
      <tstamp>59BBEEDD</tstamp>
    </comp>
    <comp ref="SW7">
      <value>SW_PUSH</value>
      <footprint>Buttons_Switches_THT:SW_PUSH-12mm</footprint>
      <libsource lib="NANO-Rythm-cache" part="SW_PUSH"/>
      <sheetpath names="/" tstamps="/"/>
      <tstamp>59BBF08C</tstamp>
    </comp>
    <comp ref="RV1">
      <value>POT</value>
      <footprint>Potentiometers:Potentiometer_Alps_RK09K_Horizontal</footprint>
      <libsource lib="device" part="POT"/>
      <sheetpath names="/" tstamps="/"/>
      <tstamp>59BBFF5F</tstamp>
    </comp>
    <comp ref="D3">
      <value>LED</value>
      <footprint>Resistors_SMD:R_1206_HandSoldering</footprint>
      <libsource lib="device" part="LED"/>
      <sheetpath names="/" tstamps="/"/>
      <tstamp>59BC054B</tstamp>
    </comp>
    <comp ref="R4">
      <value>220</value>
      <footprint>Resistors_SMD:R_1206_HandSoldering</footprint>
      <libsource lib="device" part="R"/>
      <sheetpath names="/" tstamps="/"/>
      <tstamp>59BC060E</tstamp>
    </comp>
    <comp ref="R2">
      <value>10k</value>
      <footprint>Resistors_SMD:R_1206_HandSoldering</footprint>
      <libsource lib="device" part="R"/>
      <sheetpath names="/" tstamps="/"/>
      <tstamp>59BC2B5C</tstamp>
    </comp>
    <comp ref="R5">
      <value>1k</value>
      <footprint>Resistors_SMD:R_1206_HandSoldering</footprint>
      <libsource lib="device" part="R"/>
      <sheetpath names="/" tstamps="/"/>
      <tstamp>59BC3CE5</tstamp>
    </comp>
    <comp ref="C8">
      <value>100n</value>
      <footprint>Resistors_SMD:R_1206_HandSoldering</footprint>
      <libsource lib="device" part="C"/>
      <sheetpath names="/" tstamps="/"/>
      <tstamp>59BC3D75</tstamp>
    </comp>
    <comp ref="C7">
      <value>CP</value>
      <footprint>Capacitors_SMD:CP_Elec_4x4.5</footprint>
      <libsource lib="device" part="CP"/>
      <sheetpath names="/" tstamps="/"/>
      <tstamp>59BC3E9F</tstamp>
    </comp>
    <comp ref="D2">
      <value>LED</value>
      <footprint>Resistors_SMD:R_1206_HandSoldering</footprint>
      <libsource lib="device" part="LED"/>
      <sheetpath names="/" tstamps="/"/>
      <tstamp>59BD5A62</tstamp>
    </comp>
    <comp ref="R3">
      <value>220</value>
      <footprint>Resistors_SMD:R_1206_HandSoldering</footprint>
      <libsource lib="device" part="R"/>
      <sheetpath names="/" tstamps="/"/>
      <tstamp>59BD5A68</tstamp>
    </comp>
    <comp ref="SW1">
      <value>SW_PUSH</value>
      <footprint>Buttons_Switches_THT:SW_PUSH_6mm</footprint>
      <libsource lib="NANO-Rythm-cache" part="SW_PUSH"/>
      <sheetpath names="/" tstamps="/"/>
      <tstamp>59BD6550</tstamp>
    </comp>
    <comp ref="SW2">
      <value>SW_PUSH</value>
      <footprint>Buttons_Switches_THT:SW_PUSH_6mm</footprint>
      <libsource lib="NANO-Rythm-cache" part="SW_PUSH"/>
      <sheetpath names="/" tstamps="/"/>
      <tstamp>59BD65CF</tstamp>
    </comp>
    <comp ref="RV2">
      <value>POT</value>
      <footprint>Potentiometers:Potentiometer_Alps_RK09K_Horizontal</footprint>
      <libsource lib="device" part="POT"/>
      <sheetpath names="/" tstamps="/"/>
      <tstamp>59BD72BA</tstamp>
    </comp>
    <comp ref="D4">
      <value>D</value>
      <footprint>Diodes_SMD:D_SOD-123</footprint>
      <libsource lib="device" part="D"/>
      <sheetpath names="/" tstamps="/"/>
      <tstamp>59BD5FF9</tstamp>
    </comp>
  </components>
  <libparts>
    <libpart lib="NANO-Rythm-cache" part="ATMEGA168A-A">
      <aliases>
        <alias>ATMEGA48A-A</alias>
        <alias>ATMEGA48PA-A</alias>
        <alias>ATMEGA88A-A</alias>
        <alias>ATMEGA88PA-A</alias>
        <alias>ATMEGA168PA-A</alias>
        <alias>ATMEGA328-A</alias>
        <alias>ATMEGA328P-A</alias>
      </aliases>
      <fields>
        <field name="Reference">IC</field>
        <field name="Value">ATMEGA168A-A</field>
        <field name="Footprint">TQFP32</field>
      </fields>
      <pins>
        <pin num="1" name="(PCINT19/OC2B/INT1)PD3" type="BiDi"/>
        <pin num="2" name="(PCINT20/XCK/T0)PD4" type="BiDi"/>
        <pin num="3" name="GND" type="power_in"/>
        <pin num="4" name="VCC" type="power_in"/>
        <pin num="5" name="GND" type="power_in"/>
        <pin num="6" name="VCC" type="power_in"/>
        <pin num="7" name="(PCINT6/XTAL1/TOSC1)PB6" type="BiDi"/>
        <pin num="8" name="(PCINT7/XTAL2/TOSC2)PB7" type="BiDi"/>
        <pin num="9" name="(PCINT21/OC0B/T1)PD5" type="BiDi"/>
        <pin num="10" name="(PCINT22/OC0A/AIN0)PD6" type="BiDi"/>
        <pin num="11" name="(PCINT23/AIN1)PD7" type="BiDi"/>
        <pin num="12" name="(PCINT0/CLKO/ICP1)PB0" type="BiDi"/>
        <pin num="13" name="(PCINT1/OC1A)PB1" type="BiDi"/>
        <pin num="14" name="(PCINT2/OC1B/~SS~)PB2" type="BiDi"/>
        <pin num="15" name="(PCINT3/OC2A/MOSI)PB3" type="BiDi"/>
        <pin num="16" name="(PCINT4/MISO)PB4" type="BiDi"/>
        <pin num="17" name="(PCINT5/SCK)PB5" type="BiDi"/>
        <pin num="18" name="AVCC" type="power_in"/>
        <pin num="19" name="ADC6" type="input"/>
        <pin num="20" name="AREF" type="BiDi"/>
        <pin num="21" name="GND" type="power_in"/>
        <pin num="22" name="ADC7" type="input"/>
        <pin num="23" name="(PCINT8/ADC0)PC0" type="BiDi"/>
        <pin num="24" name="(PCINT9/ADC1)PC1" type="BiDi"/>
        <pin num="25" name="(PCINT10/ADC2)PC2" type="BiDi"/>
        <pin num="26" name="(PCINT11/ADC3)PC3" type="BiDi"/>
        <pin num="27" name="(PCINT12/SDA/ADC4)PC4" type="BiDi"/>
        <pin num="28" name="(PCINT13/SCL/ADC5)PC5" type="BiDi"/>
        <pin num="29" name="(PCINT14/~RESET~)PC6" type="BiDi"/>
        <pin num="30" name="(PCINT16/RXD)PD0" type="BiDi"/>
        <pin num="31" name="(PCINT17/TXD)PD1" type="BiDi"/>
        <pin num="32" name="(PCINT18/INT0)PD2" type="BiDi"/>
      </pins>
    </libpart>
    <libpart lib="conn" part="Audio-Jack-3">
      <description>3-pin audio jack receptable (stereo/TRS connector)</description>
      <docs>~</docs>
      <fields>
        <field name="Reference">J</field>
        <field name="Value">Audio-Jack-3</field>
      </fields>
      <pins>
        <pin num="1" name="~" type="passive"/>
        <pin num="2" name="~" type="passive"/>
        <pin num="3" name="~" type="passive"/>
      </pins>
    </libpart>
    <libpart lib="NANO-Rythm-cache" part="BARREL_JACK">
      <fields>
        <field name="Reference">CON</field>
        <field name="Value">BARREL_JACK</field>
      </fields>
      <pins>
        <pin num="1" name="~" type="passive"/>
        <pin num="2" name="~" type="passive"/>
        <pin num="3" name="~" type="passive"/>
      </pins>
    </libpart>
    <libpart lib="device" part="C">
      <description>Unpolarized capacitor</description>
      <footprints>
        <fp>C_*</fp>
      </footprints>
      <fields>
        <field name="Reference">C</field>
        <field name="Value">C</field>
      </fields>
      <pins>
        <pin num="1" name="~" type="passive"/>
        <pin num="2" name="~" type="passive"/>
      </pins>
    </libpart>
    <libpart lib="NANO-Rythm-cache" part="CONN_01X08">
      <footprints>
        <fp>Pin_Header_Straight_1X08</fp>
        <fp>Pin_Header_Angled_1X08</fp>
        <fp>Socket_Strip_Straight_1X08</fp>
        <fp>Socket_Strip_Angled_1X08</fp>
      </footprints>
      <fields>
        <field name="Reference">P</field>
        <field name="Value">CONN_01X08</field>
      </fields>
      <pins>
        <pin num="1" name="P1" type="passive"/>
        <pin num="2" name="P2" type="passive"/>
        <pin num="3" name="P3" type="passive"/>
        <pin num="4" name="P4" type="passive"/>
        <pin num="5" name="P5" type="passive"/>
        <pin num="6" name="P6" type="passive"/>
        <pin num="7" name="P7" type="passive"/>
        <pin num="8" name="P8" type="passive"/>
      </pins>
    </libpart>
    <libpart lib="device" part="CP">
      <description>Polarised capacitor</description>
      <footprints>
        <fp>CP_*</fp>
      </footprints>
      <fields>
        <field name="Reference">C</field>
        <field name="Value">CP</field>
      </fields>
      <pins>
        <pin num="1" name="~" type="passive"/>
        <pin num="2" name="~" type="passive"/>
      </pins>
    </libpart>
    <libpart lib="device" part="Crystal">
      <description>Two pin crystal</description>
      <footprints>
        <fp>Crystal*</fp>
      </footprints>
      <fields>
        <field name="Reference">Y</field>
        <field name="Value">Crystal</field>
      </fields>
      <pins>
        <pin num="1" name="1" type="passive"/>
        <pin num="2" name="2" type="passive"/>
      </pins>
    </libpart>
    <libpart lib="device" part="D">
      <description>Diode</description>
      <footprints>
        <fp>TO-???*</fp>
        <fp>*SingleDiode</fp>
        <fp>*_Diode_*</fp>
        <fp>*SingleDiode*</fp>
        <fp>D_*</fp>
      </footprints>
      <fields>
        <field name="Reference">D</field>
        <field name="Value">D</field>
      </fields>
      <pins>
        <pin num="1" name="K" type="passive"/>
        <pin num="2" name="A" type="passive"/>
      </pins>
    </libpart>
    <libpart lib="device" part="Jumper_NC_Small">
      <description>Jumper, normally closed</description>
      <fields>
        <field name="Reference">JP</field>
        <field name="Value">Jumper_NC_Small</field>
      </fields>
      <pins>
        <pin num="1" name="1" type="passive"/>
        <pin num="2" name="2" type="passive"/>
      </pins>
    </libpart>
    <libpart lib="device" part="LED">
      <description>LED generic</description>
      <footprints>
        <fp>LED*</fp>
      </footprints>
      <fields>
        <field name="Reference">D</field>
        <field name="Value">LED</field>
      </fields>
      <pins>
        <pin num="1" name="K" type="passive"/>
        <pin num="2" name="A" type="passive"/>
      </pins>
    </libpart>
    <libpart lib="NANO-Rythm-cache" part="LED-RESCUE-GranularSynth">
      <footprints>
        <fp>LED*</fp>
      </footprints>
      <fields>
        <field name="Reference">D</field>
        <field name="Value">LED-RESCUE-GranularSynth</field>
      </fields>
      <pins>
        <pin num="1" name="K" type="passive"/>
        <pin num="2" name="A" type="passive"/>
      </pins>
    </libpart>
    <libpart lib="NANO-Rythm-cache" part="LM7805CT">
      <aliases>
        <alias>LM7806CT</alias>
        <alias>LM7808CT</alias>
        <alias>LM7809CT</alias>
        <alias>LM7810CT</alias>
        <alias>LM7812CT</alias>
        <alias>LM7815CT</alias>
        <alias>LM7818CT</alias>
        <alias>LM7824CT</alias>
        <alias>LM7806ACT</alias>
        <alias>LM7808ACT</alias>
        <alias>LM7809ACT</alias>
        <alias>LM7810ACT</alias>
        <alias>LM7812ACT</alias>
        <alias>LM7815ACT</alias>
        <alias>LM7818ACT</alias>
        <alias>LM7824ACT</alias>
      </aliases>
      <footprints>
        <fp>TO*</fp>
      </footprints>
      <fields>
        <field name="Reference">U</field>
        <field name="Value">LM7805CT</field>
        <field name="Footprint">TO-220</field>
      </fields>
      <pins>
        <pin num="1" name="IN" type="input"/>
        <pin num="2" name="GND" type="power_in"/>
        <pin num="3" name="OUT" type="power_out"/>
      </pins>
    </libpart>
    <libpart lib="device" part="POT">
      <description>Potentiometer</description>
      <footprints>
        <fp>Potentiometer*</fp>
      </footprints>
      <fields>
        <field name="Reference">RV</field>
        <field name="Value">POT</field>
      </fields>
      <pins>
        <pin num="1" name="1" type="passive"/>
        <pin num="2" name="2" type="passive"/>
        <pin num="3" name="3" type="passive"/>
      </pins>
    </libpart>
    <libpart lib="device" part="R">
      <description>Resistor</description>
      <footprints>
        <fp>R_*</fp>
        <fp>R_*</fp>
      </footprints>
      <fields>
        <field name="Reference">R</field>
        <field name="Value">R</field>
      </fields>
      <pins>
        <pin num="1" name="~" type="passive"/>
        <pin num="2" name="~" type="passive"/>
      </pins>
    </libpart>
    <libpart lib="NANO-Rythm-cache" part="SW_PUSH">
      <fields>
        <field name="Reference">SW</field>
        <field name="Value">SW_PUSH</field>
      </fields>
      <pins>
        <pin num="1" name="1" type="passive"/>
        <pin num="2" name="2" type="passive"/>
      </pins>
    </libpart>
  </libparts>
  <libraries>
    <library logical="conn">
      <uri>C:\Program Files\KiCad\share\kicad\library\conn.lib</uri>
    </library>
    <library logical="device">
      <uri>C:\Program Files\KiCad\share\kicad\library\device.lib</uri>
    </library>
    <library logical="NANO-Rythm-cache">
      <uri>D:\Users\jaime\Desktop\NANO-Rythm\NANO-Rythm-cache.lib</uri>
    </library>
  </libraries>
  <nets>
    <net code="1" name="Net-(C6-Pad1)">
      <node ref="IC1" pin="20"/>
      <node ref="C6" pin="1"/>
    </net>
    <net code="2" name="Net-(J2-Pad2)">
      <node ref="JP1" pin="1"/>
      <node ref="RV2" pin="2"/>
      <node ref="J2" pin="2"/>
    </net>
    <net code="3" name="Net-(J2-Pad1)">
      <node ref="J2" pin="1"/>
      <node ref="JP1" pin="2"/>
    </net>
    <net code="4" name="+5V">
      <node ref="IC1" pin="6"/>
      <node ref="D1" pin="2"/>
      <node ref="U1" pin="3"/>
      <node ref="IC1" pin="18"/>
      <node ref="P1" pin="8"/>
      <node ref="C4" pin="2"/>
      <node ref="RV1" pin="3"/>
      <node ref="R2" pin="1"/>
      <node ref="IC1" pin="4"/>
      <node ref="C5" pin="1"/>
    </net>
    <net code="5" name="RESET">
      <node ref="P1" pin="7"/>
      <node ref="R2" pin="2"/>
      <node ref="IC1" pin="29"/>
    </net>
    <net code="6" name="TX">
      <node ref="IC1" pin="31"/>
      <node ref="P1" pin="6"/>
    </net>
    <net code="7" name="Net-(IC1-Pad11)">
      <node ref="SW7" pin="1"/>
      <node ref="IC1" pin="11"/>
    </net>
    <net code="8" name="Net-(IC1-Pad23)">
      <node ref="IC1" pin="23"/>
      <node ref="RV1" pin="2"/>
    </net>
    <net code="9" name="RX">
      <node ref="IC1" pin="30"/>
      <node ref="P1" pin="5"/>
    </net>
    <net code="10" name="Net-(IC1-Pad10)">
      <node ref="SW6" pin="1"/>
      <node ref="IC1" pin="10"/>
    </net>
    <net code="11" name="Net-(IC1-Pad9)">
      <node ref="IC1" pin="9"/>
      <node ref="SW5" pin="1"/>
    </net>
    <net code="12" name="Net-(IC1-Pad2)">
      <node ref="SW4" pin="1"/>
      <node ref="IC1" pin="2"/>
    </net>
    <net code="13" name="Net-(D1-Pad1)">
      <node ref="R1" pin="2"/>
      <node ref="D1" pin="1"/>
    </net>
    <net code="14" name="Net-(IC1-Pad13)">
      <node ref="IC1" pin="13"/>
      <node ref="SW2" pin="1"/>
    </net>
    <net code="15" name="GND">
      <node ref="C8" pin="2"/>
      <node ref="R4" pin="1"/>
      <node ref="J1" pin="3"/>
      <node ref="C2" pin="1"/>
      <node ref="C4" pin="1"/>
      <node ref="C3" pin="1"/>
      <node ref="RV1" pin="1"/>
      <node ref="J1" pin="2"/>
      <node ref="R1" pin="1"/>
      <node ref="P1" pin="1"/>
      <node ref="C1" pin="2"/>
      <node ref="J2" pin="3"/>
      <node ref="C5" pin="2"/>
      <node ref="C6" pin="2"/>
      <node ref="IC1" pin="3"/>
      <node ref="IC1" pin="5"/>
      <node ref="SW7" pin="2"/>
      <node ref="U1" pin="2"/>
      <node ref="SW5" pin="2"/>
      <node ref="RV2" pin="3"/>
      <node ref="R3" pin="1"/>
      <node ref="SW6" pin="2"/>
      <node ref="SW4" pin="2"/>
      <node ref="IC1" pin="21"/>
      <node ref="SW1" pin="2"/>
      <node ref="SW2" pin="2"/>
    </net>
    <net code="16" name="Net-(C7-Pad1)">
      <node ref="C7" pin="1"/>
      <node ref="RV2" pin="1"/>
    </net>
    <net code="17" name="Net-(IC1-Pad12)">
      <node ref="IC1" pin="12"/>
      <node ref="SW1" pin="1"/>
    </net>
    <net code="18" name="Net-(IC1-Pad27)">
      <node ref="IC1" pin="27"/>
    </net>
    <net code="19" name="Net-(D2-Pad2)">
      <node ref="D2" pin="2"/>
      <node ref="IC1" pin="14"/>
    </net>
    <net code="21" name="Net-(IC1-Pad28)">
      <node ref="IC1" pin="28"/>
    </net>
    <net code="22" name="Net-(IC1-Pad26)">
      <node ref="IC1" pin="26"/>
    </net>
    <net code="23" name="Net-(IC1-Pad25)">
      <node ref="IC1" pin="25"/>
    </net>
    <net code="24" name="Net-(IC1-Pad24)">
      <node ref="IC1" pin="24"/>
    </net>
    <net code="25" name="Net-(D4-Pad2)">
      <node ref="J1" pin="1"/>
      <node ref="D4" pin="2"/>
    </net>
    <net code="26" name="Net-(C7-Pad2)">
      <node ref="C8" pin="1"/>
      <node ref="C7" pin="2"/>
      <node ref="R5" pin="1"/>
    </net>
    <net code="27" name="SCK">
      <node ref="P1" pin="4"/>
      <node ref="IC1" pin="17"/>
    </net>
    <net code="28" name="MISO">
      <node ref="P1" pin="3"/>
      <node ref="IC1" pin="16"/>
    </net>
    <net code="29" name="PWM_AUDIO">
      <node ref="R5" pin="2"/>
      <node ref="IC1" pin="1"/>
    </net>
    <net code="30" name="MOSI">
      <node ref="P1" pin="2"/>
      <node ref="IC1" pin="15"/>
    </net>
    <net code="31" name="Net-(D2-Pad1)">
      <node ref="R3" pin="2"/>
      <node ref="D2" pin="1"/>
    </net>
    <net code="32" name="Net-(IC1-Pad22)">
      <node ref="IC1" pin="22"/>
    </net>
    <net code="33" name="Net-(IC1-Pad19)">
      <node ref="IC1" pin="19"/>
    </net>
    <net code="34" name="Net-(C1-Pad1)">
      <node ref="C1" pin="1"/>
      <node ref="Y1" pin="1"/>
      <node ref="IC1" pin="7"/>
    </net>
    <net code="35" name="Net-(C2-Pad2)">
      <node ref="C2" pin="2"/>
      <node ref="Y1" pin="2"/>
      <node ref="IC1" pin="8"/>
    </net>
    <net code="36" name="Net-(C3-Pad2)">
      <node ref="U1" pin="1"/>
      <node ref="C3" pin="2"/>
      <node ref="SW3" pin="2"/>
    </net>
    <net code="37" name="Net-(D4-Pad1)">
      <node ref="D4" pin="1"/>
      <node ref="SW3" pin="1"/>
    </net>
    <net code="38" name="Net-(D3-Pad1)">
      <node ref="R4" pin="2"/>
      <node ref="D3" pin="1"/>
    </net>
    <net code="39" name="Net-(D3-Pad2)">
      <node ref="IC1" pin="32"/>
      <node ref="D3" pin="2"/>
    </net>
  </nets>
</export>
